,Address,Token Value,Token Name
33,0xdbB11338f1866032CA44108D8f20D7D3B598891c,4958,USD Coin
34,0xBCe8a5EC4c9eEB0b10A4326507800f2F61BD45FC,4680,USD Coin
35,0xE91cBC483A8fDA6bc377Ad8b8c717f386A93d349,4246,USD Coin
36,0x9525cD1521b98DE4d7cED32a7564143EE144D8de,4156,USD Coin
37,0x3b3A5896DF8060619587Fc7a169cacd260993192,3114,USD Coin
38,0xA2F7A4c91972E9AdD509F33ed5658ce7825E9097,2997,USD Coin
39,0xbB6fc65a2A22611Eb32158DE2A0Bb2bBA7a5db02,2980,USD Coin
40,0xf59A89a38506D5B9a764B9F735d8958621c26bc1,2970,USD Coin
41,0x232424FD466a17aFC3974BCd126cB5418b97B692,2947,USD Coin
42,0x56Fedc70E46FEFe21c529a3DeBfA7C6715bB61c6,2727,USD Coin
43,0xbfF903b51BD3f89e79e8e4fa770997E2AA3134B7,2647,USD Coin
44,0xA7576EF3439AbAd7600b81EA7102ba46305Fc584,2621,USD Coin
45,0xAc4d4531Eac9EC06b6559e9Ab3bedb9495457Ed9,2567,USD Coin
46,0xB9ac2101613b8ABf3977351A1eC5049F520f64fC,2498,USD Coin
47,0xbb2f991045B146B88Af8041343C74A1619Ec79a6,2494,USD Coin
48,0xDE65F556147D22a55A639189f282189f4981A708,2471,USD Coin
49,0x0F9d6583BC585cB645b9e77e6762773Fb927b2F0,2463,USD Coin
50,0x72754e0cd4147a758320c2E359909b6036E14171,2442,USD Coin
51,0xc8557792446904fe0b7B5622B1aC2706C726A9cE,2394,USD Coin
52,0x21406e4Edf8828e6eDEE93f17BbdEE948670127F,2213,USD Coin
53,0x24915E17bf297E26Fa4Ed18f899A0742F274E6D6,2211,USD Coin
54,0xadd502f1B576A16B854E44c0CcbB1730fD64324d,2066,USD Coin
55,0xfb989CCaa1eF286412a495d71648ef43514277eb,2057,USD Coin
56,0x85025C8B24ad02750f4f80820479c634066E8f07,2040,USD Coin
57,0x6F3b3CF3539e5c987AD4E99e331eA8eD0B3227aF,1995,USD Coin
58,0x6b164B6b209A48442acBE5D73D36b2649F61B336,1988,USD Coin
59,0x901F8ad67b6ac5Fdc4083A9Bc00A50245Af4814a,1975,USD Coin
60,0x82193453f50E4225A094deC4f906Bc4F0370a364,1965,USD Coin
61,0xAc80623F126d3B0656c817500E6097de5E14cf8B,1960,USD Coin
62,0x4D1DD49EcF1f870a77f786D06C79BBd5A1259b4e,1752,USD Coin
63,0x0827448E48B2873182D8D27CE5E86aF4Db40928A,1729,USD Coin
64,0xd28DbbE88B81ddED8a64e422001ffAA8Bd6c5175,1682,USD Coin
65,0xb2b8A0456A94e5006260A180C75E21225BE56678,1675,USD Coin
66,0x97c226b041Bc7BEbe2cd2D77A4cE08B4EDBcb285,1660,USD Coin
67,0x271F25A6424ce84186aE92D81e668aA8E38E56Cf,1609,USD Coin
68,0xC97B008f10128a9b346b9b7F168362EdffBD5A89,1602,USD Coin
69,0x7155E65c99b5f8F114B1Ed121953493BdF5C1C78,1588,USD Coin
70,0xED67A7b7eb40b462f571037cF1302CA442bd269A,1485,USD Coin
71,0xD1E4a2d0824E082c7Eb52d758931246AcD3FCe05,1397,USD Coin
72,0x2ed65cf16F546079265Bb8932f9BfE2C3CCDb1cf,1197,USD Coin
73,0xA4d6CE6a2e33F7E4a329038Cf80a19cE77D9cCbe,1160,USD Coin
74,0x4F46c9D3257D95e35A2441dF2FdF293Af13F47D9,1150,USD Coin
75,0xfe1AEC196D15026E5c188CBbf0367FF817911dfC,1145,USD Coin
76,0xAF784cA29DfE2C47eE35b46367E48a015b1f58b9,1086,USD Coin
77,0x8B067Da7D1b81f8FDB52760ccae56De34d8972a9,1079,USD Coin
78,0xbb4Ef76F0ec1Fa01174830F0f505C5542cB4e17A,1043,USD Coin
79,0xc92181E8413F53b73E30A8497148B08289A24033,1040,USD Coin
80,0x770e25e9229187768ad7ec362a2E9e5105cD31cb,1026,USD Coin
81,0x537b68D50da399428780F57558c1627A159c0d40,1026,USD Coin
82,0xDFa1391c5f16ec1e49974b32835593B8bAe4C096,1020,USD Coin
83,0xB947Eaa34D64ee0Df0AB97D21cA479a0f9Ccf451,1000,USD Coin
84,0x2e375ADe2bBbEF23dd82a75904E06bcF94133582,997,USD Coin
85,0xcC873b6690d8f974160aB773aA6D0CC1f53b51E0,992,USD Coin
86,0xA51738c9b89EF6C4cc7a4A4a405A627895213db9,990,USD Coin
87,0x650DCa552Cf5bcb947DDb781623b09693f502c96,989,USD Coin
88,0xB72af3415280303A5cB51bce9B4a8B0e8eF7F252,972,USD Coin
89,0xC7E9823Dc5A82867853F3f6434058c8957aa4619,936,USD Coin
90,0x8Fe7298451A1Fe0E75FD9B60b7e23B484C1199b6,934,USD Coin
91,0xcc8495535C93559d6b1aA35C4d5b190139db3771,901,USD Coin
92,0x5F1A23A3baB949D7264AfA4E6fbfEB245685E6B5,890,USD Coin
93,0xc26D099b16302e0661Bb87a88a3187a3F2c7B392,857,USD Coin
94,0x5EC5845F753d81281AF9EE312fC2f342C9D23594,823,USD Coin
95,0x00226059CD032581600642BFdb0381F07aA5aEf3,767,USD Coin
96,0x08F52b932a88eED040F0b3Fbeb5BA3B673160e32,763,USD Coin
97,0x62B3d169536fD42c69F4c034483a8F8431239406,740,USD Coin
98,0x387cc049775F19171c2b726688B714Adb01B130C,728,USD Coin
99,0x1FD14c6E59d138982fdA62D5C02264c0fE99a6A3,712,USD Coin
100,0xfA13e9949bD561e4e06A162200F6DCd681629a59,701,USD Coin
101,0x42028aca3dD3c176F2332F38e8f6F0B36db555db,700,USD Coin
102,0x835cc8816C39978723a6ABA023633ccB87e67bC1,699,USD Coin
103,0xbdaD00a7747e75f9B29220902A6CA41F52d64742,689,USD Coin
104,0xEF7f9bD533A36118D47Fd6040F18D5492Cd5F5aF,682,USD Coin
105,0x74dC0Fa741D66D9A2Fb0222aa2ba60905aD833DA,672,USD Coin
106,0xAf4Aaeb2135Bc4E5e148fbB94AA57f13Cebc4904,671,USD Coin
107,0x6480089d6B73BB09cfDD2c41eFf781131a87D0F7,664,USD Coin
108,0xaDf619E4ea3d7Ca4c294AA8b65b251807F97Dca1,659,USD Coin
109,0xf7a1D44Fd4b8AD6f775B5F2BA99A5F97932e1471,657,USD Coin
110,0x0d458256897c43840d8d15bE3db239B165671Db9,629,USD Coin
111,0x2ae2A43aeBCb63bAeEfd80C2E10146F460Bd8DF1,623,USD Coin
112,0x90176244b2a7A3B40Cfb8AFE13fE67b12aA98F78,616,USD Coin
113,0xB1773224dEae154Ae1e2FB043594997EF3d25cB2,605,USD Coin
114,0x665a15BdE8a675a74B7257cA2BD9E8cB07a5E4AF,601,USD Coin
115,0x230F3c49615eb4Cf11d2A3424a9586F3723BD7A7,594,USD Coin
116,0xaEdF2a95936C0Db7B53d33CE1D0F3da6c8363DE8,589,USD Coin
117,0x6Be49283Fd8aD1579c9c4917832dcf19e1b65663,586,USD Coin
118,0x40B09f18a0290E989aa8e7995C103894D3A4FDE0,578,USD Coin
119,0x5defE303475FFAD54735B5Ad3EB5D0CfFC5173a4,576,USD Coin
120,0xf288ec132E3e80e634A06c203ce3C89E1b8D9de7,575,USD Coin
121,0x2f548871C8Fe32BF8a766BcA9ED5221015d2398B,570,USD Coin
122,0xb756D320406BA312172D2bad297C9b80dFA89244,567,USD Coin
123,0xeb4bf4aAFD152698F0A947235F1d03A1F6DD5792,563,USD Coin
124,0x9aF4759e5DC0b2C83405f2DFb9E93606485ffa32,557,USD Coin
125,0x594492B15df4721D61515cF48bE3E93fb94DC3Ce,554,USD Coin
126,0x260B044261903385406aC30875fBd1b8aC1e0eB0,552,USD Coin
127,0x5275d3A15bc8a93ACD37Dd22D06aEaF5aCC833B0,552,USD Coin
128,0x7EA7502879882b3A94621aA0EB8F8fB8a6BDC390,550,USD Coin
129,0xDA3CB01CD4F238c6Cf085C86e3d714cec1260EF6,548,USD Coin
130,0x9eDC60BFE0fcd5640326fCB0476949db624Aab37,536,USD Coin
131,0x0B2EEf0CbDd5D6BBD8858987b0C5EC98f6d9F66A,536,USD Coin
132,0x7b093F39BaF88B81b4DaaEb0880C48987Fe4229D,532,USD Coin
133,0xF24E3EE19f083C83bBaf88cc1029FCaBA165EF31,530,USD Coin
134,0x203d99cBA63B6532b90B49B7737d36E41CDAcAfa,529,USD Coin
135,0x9883F1412D0690258687D1924cd62836BA250F5c,529,USD Coin
136,0xca5B99DEE71A597434C7004ceFD80a83ab854731,529,USD Coin
137,0x17f382bb0f7d073826dC75eb47925745bE2719B3,526,USD Coin
138,0xf4bB06B09c71332C574A5142E9867aAa4d880862,524,USD Coin
139,0xDEcE0968620620034b86715706a2E6Fc50E2b479,521,USD Coin
140,0x73610A9165baCb621C765646c1b6Ef68c43519f4,521,USD Coin
141,0x9Fc3673F8f05F2B1E653EFF4f4712761c3deB5D2,521,USD Coin
142,0x58b44D8487531c2BC156F8e5c9B6c4BE66b4BD9c,520,USD Coin
143,0x550f0299d4e4cF78c45FEe045c5c4000CdB639f2,519,USD Coin
144,0x2D804D5E041AF0eD81BAAEa826d93cAF9A466aB4,519,USD Coin
145,0x152E14674284C7DD105ee90bFc0ad35f4DDa76e2,519,USD Coin
146,0x587614D886552d9ceB00BD6D39D8E3520cB52840,518,USD Coin
147,0xfc4eFE699Ee735e5c3a3BeDA3176BDf3D8f14FD5,518,USD Coin
148,0x14C3621e6b38FaD015f1123414e8aC6A4cA43C0c,518,USD Coin
149,0x173Da82Ed865ffb74cB558D7bc8c40DA11cF3992,517,USD Coin
150,0xA8d9792e46250dF1285fc994bD7d8E52A7CD4282,517,USD Coin
151,0x21c76ADC847014bE2A19d5028A2602b964ca43E6,516,USD Coin
152,0xd6B01c20918a7Ba5D05E81DC59DEd322962b4D37,516,USD Coin
153,0x741F4Fd5563328c82A9917f74682bcE2b90f3d2d,515,USD Coin
154,0xd2fcC4b5DC70ea97546cf86016C0A512706B7AAA,515,USD Coin
155,0xaA8DeDeAfDd826A4c23Db11D822eF62B5DefF90c,515,USD Coin
156,0xC831eA6d0F3C155EfC2d60F9E59C061DaC701D7A,515,USD Coin
157,0xbC7A7Aa68F548cE8A959f30bB99e0eA9424932a8,515,USD Coin
158,0x79D494a44753E4f8CA4E2319CcaaF6D198beDed2,514,USD Coin
159,0xFdc4B958fCC229AD0Ad33581D394a0395Ac6D6C9,514,USD Coin
160,0xf74E629207787502a53f2eeA4d5BA6C7b058e6B3,514,USD Coin
161,0x10332b2794570135F9b03C012454e62EAbA8058c,514,USD Coin
162,0x6Fb1dF3FDACd89822E9Bc11B0682dce080Af5160,514,USD Coin
163,0xaEB0cfde223412bbb2D14a50a1ddE743A476E2a7,514,USD Coin
164,0xc08EdD3E8Ee6AE495ACdC3A090563B336B107579,514,USD Coin
165,0x71521eEE00A3cA91A012AAA7763c79c740a1aD6b,514,USD Coin
166,0x23e9fd216A301610837aDc1E41B24afB905B1CC6,513,USD Coin
167,0xa83Dc5031ef95bc5e526628d7227E179290d944e,513,USD Coin
168,0xDf864554Dceb3E4d40Fe64875ca4Fd40fa1A2Bfc,513,USD Coin
169,0xCCb6e55Adcd05D3B061a67943eC993E3FFe6c4DB,513,USD Coin
170,0xC12B7d94487d9Ab7555ED784103602A5e3c66910,512,USD Coin
171,0x5e998b42fC1F5fF730CBb29cf72878a7B3909698,512,USD Coin
172,0xF3a9826b8F83C99500405f2670605b1aEB2D76B9,512,USD Coin
173,0x75998798845c22507b57F1f666604223dF2f9218,512,USD Coin
174,0x7E1db7527B710449e411Aa0b4ad1Fc6c6e2ed9e7,512,USD Coin
175,0xaC631eAA33Fe89C8c7bBDF4309EEbf4B0578E187,511,USD Coin
176,0xB8124a2525Fc82AcB11CFf5A8A0C30Fff3a9b8f6,511,USD Coin
177,0xf2A59E46E3E1b05448457dc0b830A1FE466Ac000,511,USD Coin
178,0x6F68c1d262c9F3fFbA81FdEcfbcFA8A70f99E8b1,511,USD Coin
179,0x1C2081530473E91244172b545D848a3C08b1582a,511,USD Coin
180,0x0fa9E588033BcC162bABC81540Fd657c3680c527,511,USD Coin
181,0xF0Ad40588070C143dC0F22498767E5456117A680,510,USD Coin
182,0x090523D9d1C86cc9c9fc20F0Dc437F884f3eeaCC,510,USD Coin
183,0x20D171e2df0083c31e3579f667e3597aAaB62265,510,USD Coin
184,0x607b773F21c7a76788A7c1328487593BD567537E,510,USD Coin
185,0x3a55f29af6F84e1570d2540F74Eb016B7b93d99a,510,USD Coin
186,0xdA88d7f890DBAB3ea7661Bc837F2AABe930f1E28,510,USD Coin
187,0xf05589e5121595953dED4143F12FfE8b64639096,510,USD Coin
188,0x0b33EAb162a69792f2B1ec7962C3F20585542218,510,USD Coin
189,0xe52C18D1C26FAee4D859C388122D4a4e0BE00D73,510,USD Coin
